x,BikeIsUsed(x),BikeIsUsed(x)_CI/2,BikeIsUsed(x)_Var,BikeIsUsed(x)_NSamples
0.0,1.0,0.0,0.0,20
20.0,1.0,0.0,0.0,20
40.0,0.925,0.08530975985939894,0.07115384615384612,40
60.0,0.925,0.08530975985939894,0.07115384615384612,40
80.0,0.8833333333333333,0.08362878440632758,0.10480225988700559,60
100.0,0.8333333333333334,0.0970853792507337,0.14124293785310738,60
120.0,0.825,0.08509102818949603,0.1462025316455696,80
140.0,0.725,0.09999381153994878,0.20189873417721524,80
160.0,0.66,0.09446762612958251,0.22666666666666666,100
180.0,0.62,0.09679640297381126,0.237979797979798,100
200.0,0.62,0.09679640297381126,0.237979797979798,100
220.0,0.59,0.09808204449518403,0.2443434343434343,100
240.0,0.58,0.09842608656189575,0.24606060606060606,100
260.0,0.55,0.09921085159099381,0.25,100
280.0,0.52,0.09963085707403004,0.25212121212121213,100
300.0,0.5,0.09971065753301835,0.25252525252525254,100
320.0,0.49,0.09969071340689964,0.2524242424242424,100
340.0,0.49,0.09969071340689964,0.2524242424242424,100
360.0,0.49,0.09969071340689964,0.2524242424242424,100
380.0,0.47,0.09953101652678158,0.2516161616161616,100
400.0,0.46,0.09939107127012266,0.2509090909090909,100
