Property,ObtainedValue,Variance,CI,Problems,Time
BikeIsUsed(0.0),380.019,215292.0526916917,57.51645172775676,0,7426.319
