Property,ObtainedValue,Variance,CI,Problems
PercentageBikeUsed(0.0),0.38297075454352164,0.06587790522804361,0.049093425040050376,0
